Series_ID,Year,Month,Value
CUUR0000SAA,2025,1,128.464
CUUR0000SAA,2024,12,127.354
CUUR0000SAA,2024,11,129.542
CUUR0000SAA,2024,10,133.179
CUUR0000SAA,2024,9,135.537
CUUR0000SAA,2024,8,131.683
CUUR0000SAA,2024,7,129.466
CUUR0000SAA,2024,6,131.525
CUUR0000SAA,2024,5,132.433
CUUR0000SAA,2024,4,133.502
CUUR0000SAA,2024,3,133.64
CUUR0000SAA,2024,2,131.985
CUUR0000SAA,2024,1,127.946
CUUR0000SAA,2023,12,125.794
CUUR0000SAA,2023,11,128.093
CUUR0000SAA,2023,10,132.786
CUUR0000SAA,2023,9,133.157
CUUR0000SAA,2023,8,131.262
CUUR0000SAA,2023,7,129.172
CUUR0000SAA,2023,6,130.51
CUUR0000SAA,2023,5,131.382
CUUR0000SAA,2023,4,131.762
CUUR0000SAA,2023,3,133.112
CUUR0000SAA,2023,2,132.039
CUUR0000SAA,2023,1,127.875
CUUR0000SAA,2022,12,124.587
CUUR0000SAA,2022,11,126.728
CUUR0000SAA,2022,10,129.414
CUUR0000SAA,2022,9,130.143
CUUR0000SAA,2022,8,127.328
CUUR0000SAA,2022,7,125.188
CUUR0000SAA,2022,6,126.619
CUUR0000SAA,2022,5,126.97
CUUR0000SAA,2022,4,127.126
CUUR0000SAA,2022,3,128.919
CUUR0000SAA,2022,2,127.868
CUUR0000SAA,2022,1,124.079
CUUR0000SAA,2021,12,121.068
CUUR0000SAA,2021,11,122.383
CUUR0000SAA,2021,10,124.323
CUUR0000SAA,2021,9,123.406
CUUR0000SAA,2021,8,121.194
CUUR0000SAA,2021,7,119.078
CUUR0000SAA,2021,6,120.324
CUUR0000SAA,2021,5,120.951
CUUR0000SAA,2021,4,120.656
CUUR0000SAA,2021,3,120.746
CUUR0000SAA,2021,2,119.998
CUUR0000SAA,2021,1,117.785
CUUR0000SAA,2020,12,114.434
CUUR0000SAA,2020,11,116.602
CUUR0000SAA,2020,10,119.172
CUUR0000SAA,2020,9,119.354
CUUR0000SAA,2020,8,116.299
CUUR0000SAA,2020,7,114.267
CUUR0000SAA,2020,6,114.734
CUUR0000SAA,2020,5,114.582
CUUR0000SAA,2020,4,118.394
CUUR0000SAA,2020,3,123.815
CUUR0000SAA,2020,2,124.438
CUUR0000SAA,2020,1,120.853
CUUR0000SAA,2019,12,119.111
CUUR0000SAA,2019,11,122.986
CUUR0000SAA,2019,10,126.154
CUUR0000SAA,2019,9,127.009
CUUR0000SAA,2019,8,123.641
CUUR0000SAA,2019,7,122.161
CUUR0000SAA,2019,6,123.749
CUUR0000SAA,2019,5,124.429
CUUR0000SAA,2019,4,125.542
CUUR0000SAA,2019,3,125.785
CUUR0000SAA,2019,2,125.631
CUUR0000SAA,2019,1,122.422
CUUR0000SAA,2018,12,120.526
CUUR0000SAA,2018,11,124.935
CUUR0000SAA,2018,10,129.108
CUUR0000SAA,2018,9,127.44
CUUR0000SAA,2018,8,122.447
CUUR0000SAA,2018,7,122.831
CUUR0000SAA,2018,6,125.382
CUUR0000SAA,2018,5,128.362
CUUR0000SAA,2018,4,129.365
CUUR0000SAA,2018,3,128.604
CUUR0000SAA,2018,2,126.587
CUUR0000SAA,2018,1,122.266
CUUR0000SAA,2017,12,120.614
CUUR0000SAA,2017,11,125.398
CUUR0000SAA,2017,10,129.57
CUUR0000SAA,2017,9,128.15
CUUR0000SAA,2017,8,124.147
CUUR0000SAA,2017,7,122.485
CUUR0000SAA,2017,6,124.63
CUUR0000SAA,2017,5,126.563
CUUR0000SAA,2017,4,128.349
CUUR0000SAA,2017,3,128.25
CUUR0000SAA,2017,2,126.1
CUUR0000SAA,2017,1,123.088
CUUR0000SAA,2016,12,122.637
CUUR0000SAA,2016,11,127.377
CUUR0000SAA,2016,10,130.328
CUUR0000SAA,2016,9,128.429
CUUR0000SAA,2016,8,124.871
CUUR0000SAA,2016,7,123.03
CUUR0000SAA,2016,6,125.472
CUUR0000SAA,2016,5,127.758
CUUR0000SAA,2016,4,127.77
CUUR0000SAA,2016,3,127.427
CUUR0000SAA,2016,2,125.567
CUUR0000SAA,2016,1,121.878
CUUR0000SAA,2015,12,122.792
CUUR0000SAA,2015,11,127.039
CUUR0000SAA,2015,10,129.446
CUUR0000SAA,2015,9,128.54
CUUR0000SAA,2015,8,124.547
CUUR0000SAA,2015,7,122.607
CUUR0000SAA,2015,6,124.954
CUUR0000SAA,2015,5,127.083
CUUR0000SAA,2015,4,128.593
CUUR0000SAA,2015,3,128.245
CUUR0000SAA,2015,2,124.457
CUUR0000SAA,2015,1,122.527
CUUR0000SAD,2025,1,122.26
CUUR0000SAD,2024,12,121.747
CUUR0000SAD,2024,11,122.061
CUUR0000SAD,2024,10,122.18
CUUR0000SAD,2024,9,122.204
CUUR0000SAD,2024,8,122.201
CUUR0000SAD,2024,7,122.734
CUUR0000SAD,2024,6,123.098
CUUR0000SAD,2024,5,123.167
CUUR0000SAD,2024,4,123.372
CUUR0000SAD,2024,3,123.613
CUUR0000SAD,2024,2,123.847
CUUR0000SAD,2024,1,123.752
CUUR0000SAD,2023,12,124.061
CUUR0000SAD,2023,11,124.57
CUUR0000SAD,2023,10,125.259
CUUR0000SAD,2023,9,125.849
CUUR0000SAD,2023,8,127.556
CUUR0000SAD,2023,7,128.029
CUUR0000SAD,2023,6,128.392
CUUR0000SAD,2023,5,128.059
CUUR0000SAD,2023,4,127.406
CUUR0000SAD,2023,3,126.227
CUUR0000SAD,2023,2,125.825
CUUR0000SAD,2023,1,125.749
CUUR0000SAD,2022,12,125.624
CUUR0000SAD,2022,11,126.596
CUUR0000SAD,2022,10,127.903
CUUR0000SAD,2022,9,128.688
CUUR0000SAD,2022,8,130.123
CUUR0000SAD,2022,7,129.856
CUUR0000SAD,2022,6,129.464
CUUR0000SAD,2022,5,128.122
CUUR0000SAD,2022,4,127.622
CUUR0000SAD,2022,3,127.471
CUUR0000SAD,2022,2,128.109
CUUR0000SAD,2022,1,127.345
CUUR0000SAD,2021,12,125.747
CUUR0000SAD,2021,11,123.678
CUUR0000SAD,2021,10,122.097
CUUR0000SAD,2021,9,120.107
CUUR0000SAD,2021,8,120.666
CUUR0000SAD,2021,7,120.31
CUUR0000SAD,2021,6,119.434
CUUR0000SAD,2021,5,115.051
CUUR0000SAD,2021,4,111.983
CUUR0000SAD,2021,3,108.597
CUUR0000SAD,2021,2,107.893
CUUR0000SAD,2021,1,107.517
CUUR0000SAD,2020,12,107.691
CUUR0000SAD,2020,11,107.612
CUUR0000SAD,2020,10,107.819
CUUR0000SAD,2020,9,107.474
CUUR0000SAD,2020,8,106.97
CUUR0000SAD,2020,7,105.252
CUUR0000SAD,2020,6,104.188
CUUR0000SAD,2020,5,104.309
CUUR0000SAD,2020,4,104.336
CUUR0000SAD,2020,3,104.703
CUUR0000SAD,2020,2,104.421
CUUR0000SAD,2020,1,103.896
CUUR0000SAD,2019,12,103.695
CUUR0000SAD,2019,11,103.902
CUUR0000SAD,2019,10,104.263
CUUR0000SAD,2019,9,104.385
CUUR0000SAD,2019,8,105.331
CUUR0000SAD,2019,7,105.369
CUUR0000SAD,2019,6,105.167
CUUR0000SAD,2019,5,104.849
CUUR0000SAD,2019,4,105.178
CUUR0000SAD,2019,3,105.379
CUUR0000SAD,2019,2,105.042
CUUR0000SAD,2019,1,104.808
CUUR0000SAD,2018,12,104.169
CUUR0000SAD,2018,11,103.913
CUUR0000SAD,2018,10,103.726
CUUR0000SAD,2018,9,103.488
CUUR0000SAD,2018,8,104.669
CUUR0000SAD,2018,7,104.864
CUUR0000SAD,2018,6,104.636
CUUR0000SAD,2018,5,104.583
CUUR0000SAD,2018,4,104.891
CUUR0000SAD,2018,3,105.046
CUUR0000SAD,2018,2,104.626
CUUR0000SAD,2018,1,104.433
CUUR0000SAD,2017,12,104.083
CUUR0000SAD,2017,11,103.714
CUUR0000SAD,2017,10,103.838
CUUR0000SAD,2017,9,104.175
CUUR0000SAD,2017,8,104.9
CUUR0000SAD,2017,7,105.298
CUUR0000SAD,2017,6,105.917
CUUR0000SAD,2017,5,106.257
CUUR0000SAD,2017,4,106.397
CUUR0000SAD,2017,3,106.343
CUUR0000SAD,2017,2,106.326
CUUR0000SAD,2017,1,106.147
CUUR0000SAD,2016,12,105.431
CUUR0000SAD,2016,11,105.479
CUUR0000SAD,2016,10,106.123
CUUR0000SAD,2016,9,106.41
CUUR0000SAD,2016,8,106.982
CUUR0000SAD,2016,7,107.432
CUUR0000SAD,2016,6,107.832
CUUR0000SAD,2016,5,108.345
CUUR0000SAD,2016,4,108.676
CUUR0000SAD,2016,3,108.525
CUUR0000SAD,2016,2,108.252
CUUR0000SAD,2016,1,107.862
CUUR0000SAD,2015,12,107.599
CUUR0000SAD,2015,11,107.926
CUUR0000SAD,2015,10,108.5
CUUR0000SAD,2015,9,108.948
CUUR0000SAD,2015,8,109.187
CUUR0000SAD,2015,7,109.652
CUUR0000SAD,2015,6,110.049
CUUR0000SAD,2015,5,110.197
CUUR0000SAD,2015,4,110.212
CUUR0000SAD,2015,3,109.587
CUUR0000SAD,2015,2,109.062
CUUR0000SAD,2015,1,108.474
CUUR0000SAM,2025,1,571.899
CUUR0000SAM,2024,12,569.189
CUUR0000SAM,2024,11,568.773
CUUR0000SAM,2024,10,567.87
CUUR0000SAM,2024,9,566.266
CUUR0000SAM,2024,8,564.407
CUUR0000SAM,2024,7,564.039
CUUR0000SAM,2024,6,565.301
CUUR0000SAM,2024,5,564.249
CUUR0000SAM,2024,4,561.612
CUUR0000SAM,2024,3,559.935
CUUR0000SAM,2024,2,557.236
CUUR0000SAM,2024,1,557.215
CUUR0000SAM,2023,12,553.485
CUUR0000SAM,2023,11,551.769
CUUR0000SAM,2023,10,549.762
CUUR0000SAM,2023,9,548.431
CUUR0000SAM,2023,8,548.082
CUUR0000SAM,2023,7,546.698
CUUR0000SAM,2023,6,547.432
CUUR0000SAM,2023,5,547.42
CUUR0000SAM,2023,4,547.219
CUUR0000SAM,2023,3,547.805
CUUR0000SAM,2023,2,549.487
CUUR0000SAM,2023,1,551.422
CUUR0000SAM,2022,12,551.002
CUUR0000SAM,2022,11,550.844
CUUR0000SAM,2022,10,554.043
CUUR0000SAM,2022,9,556.323
CUUR0000SAM,2022,8,553.429
CUUR0000SAM,2022,7,549.562
CUUR0000SAM,2022,6,546.717
CUUR0000SAM,2022,5,543.488
CUUR0000SAM,2022,4,541.515
CUUR0000SAM,2022,3,539.739
CUUR0000SAM,2022,2,536.932
CUUR0000SAM,2022,1,535.048
CUUR0000SAM,2021,12,530.026
CUUR0000SAM,2021,11,528.877
CUUR0000SAM,2021,10,527.564
CUUR0000SAM,2021,9,524.818
CUUR0000SAM,2021,8,525.247
CUUR0000SAM,2021,7,524.219
CUUR0000SAM,2021,6,522.989
CUUR0000SAM,2021,5,523.918
CUUR0000SAM,2021,4,524.585
CUUR0000SAM,2021,3,524.734
CUUR0000SAM,2021,2,524.207
CUUR0000SAM,2021,1,522.133
CUUR0000SAM,2020,12,518.766
CUUR0000SAM,2020,11,519.848
CUUR0000SAM,2020,10,520.725
CUUR0000SAM,2020,9,522.528
CUUR0000SAM,2020,8,523.295
CUUR0000SAM,2020,7,522.686
CUUR0000SAM,2020,6,520.734
CUUR0000SAM,2020,5,519.194
CUUR0000SAM,2020,4,517.053
CUUR0000SAM,2020,3,515.605
CUUR0000SAM,2020,2,513.923
CUUR0000SAM,2020,1,512.149
CUUR0000SAM,2019,12,509.689
CUUR0000SAM,2019,11,507.541
CUUR0000SAM,2019,10,506.1
CUUR0000SAM,2019,9,501.468
CUUR0000SAM,2019,8,500.916
CUUR0000SAM,2019,7,497.687
CUUR0000SAM,2019,6,495.563
CUUR0000SAM,2019,5,494.928
CUUR0000SAM,2019,4,493.331
CUUR0000SAM,2019,3,492.306
CUUR0000SAM,2019,2,491.227
CUUR0000SAM,2019,1,490.204
CUUR0000SAM,2018,12,487.409
CUUR0000SAM,2018,11,486.886
CUUR0000SAM,2018,10,485.269
CUUR0000SAM,2018,9,484.708
CUUR0000SAM,2018,8,484.172
CUUR0000SAM,2018,7,485.193
CUUR0000SAM,2018,6,486.019
CUUR0000SAM,2018,5,484.853
CUUR0000SAM,2018,4,484.034
CUUR0000SAM,2018,3,483.984
CUUR0000SAM,2018,2,482.897
CUUR0000SAM,2018,1,481.06
CUUR0000SAM,2017,12,477.802
CUUR0000SAM,2017,11,477.198
CUUR0000SAM,2017,10,477.121
CUUR0000SAM,2017,9,476.485
CUUR0000SAM,2017,8,476.869
CUUR0000SAM,2017,7,476.126
CUUR0000SAM,2017,6,474.36
CUUR0000SAM,2017,5,473.512
CUUR0000SAM,2017,4,473.582
CUUR0000SAM,2017,3,474.561
CUUR0000SAM,2017,2,474.546
CUUR0000SAM,2017,1,471.7
CUUR0000SAM,2016,12,469.447
CUUR0000SAM,2016,11,469.333
CUUR0000SAM,2016,10,469.23
CUUR0000SAM,2016,9,469.154
CUUR0000SAM,2016,8,468.379
CUUR0000SAM,2016,7,464.164
CUUR0000SAM,2016,6,462.075
CUUR0000SAM,2016,5,461.23
CUUR0000SAM,2016,4,459.994
CUUR0000SAM,2016,3,458.62
CUUR0000SAM,2016,2,458.295
CUUR0000SAM,2016,1,454.175
CUUR0000SAM,2015,12,451.072
CUUR0000SAM,2015,11,451.371
CUUR0000SAM,2015,10,450.065
CUUR0000SAM,2015,9,447.289
CUUR0000SAM,2015,8,446.536
CUUR0000SAM,2015,7,446.773
CUUR0000SAM,2015,6,446.271
CUUR0000SAM,2015,5,447.213
CUUR0000SAM,2015,4,446.663
CUUR0000SAM,2015,3,444.02
CUUR0000SAM,2015,2,442.783
CUUR0000SAM,2015,1,440.969
CUUR0000SEHA,2025,1,429.506
CUUR0000SEHA,2024,12,428.151
CUUR0000SEHA,2024,11,426.651
CUUR0000SEHA,2024,10,425.381
CUUR0000SEHA,2024,9,423.821
CUUR0000SEHA,2024,8,422.223
CUUR0000SEHA,2024,7,420.577
CUUR0000SEHA,2024,6,418.82
CUUR0000SEHA,2024,5,417.772
CUUR0000SEHA,2024,4,416.386
CUUR0000SEHA,2024,3,415.219
CUUR0000SEHA,2024,2,413.695
CUUR0000SEHA,2024,1,412.019
CUUR0000SEHA,2023,12,410.606
CUUR0000SEHA,2023,11,408.838
CUUR0000SEHA,2023,10,406.683
CUUR0000SEHA,2023,9,404.487
CUUR0000SEHA,2023,8,402.247
CUUR0000SEHA,2023,7,400.21
CUUR0000SEHA,2023,6,398.593
CUUR0000SEHA,2023,5,396.726
CUUR0000SEHA,2023,4,394.898
CUUR0000SEHA,2023,3,392.91
CUUR0000SEHA,2023,2,391.141
CUUR0000SEHA,2023,1,388.372
CUUR0000SEHA,2022,12,385.649
CUUR0000SEHA,2022,11,382.562
CUUR0000SEHA,2022,10,379.436
CUUR0000SEHA,2022,9,376.569
CUUR0000SEHA,2022,8,373.283
CUUR0000SEHA,2022,7,370.448
CUUR0000SEHA,2022,6,367.927
CUUR0000SEHA,2022,5,365.116
CUUR0000SEHA,2022,4,362.951
CUUR0000SEHA,2022,3,361.083
CUUR0000SEHA,2022,2,359.627
CUUR0000SEHA,2022,1,357.737
CUUR0000SEHA,2021,12,355.931
CUUR0000SEHA,2021,11,354.526
CUUR0000SEHA,2021,10,352.892
CUUR0000SEHA,2021,9,351.255
CUUR0000SEHA,2021,8,349.71
CUUR0000SEHA,2021,7,348.469
CUUR0000SEHA,2021,6,347.833
CUUR0000SEHA,2021,5,347.016
CUUR0000SEHA,2021,4,346.267
CUUR0000SEHA,2021,3,345.717
CUUR0000SEHA,2021,2,345.242
CUUR0000SEHA,2021,1,344.758
CUUR0000SEHA,2020,12,344.455
CUUR0000SEHA,2020,11,344.039
CUUR0000SEHA,2020,10,343.615
CUUR0000SEHA,2020,9,342.91
CUUR0000SEHA,2020,8,342.444
CUUR0000SEHA,2020,7,341.95
CUUR0000SEHA,2020,6,341.294
CUUR0000SEHA,2020,5,340.811
CUUR0000SEHA,2020,4,340.135
CUUR0000SEHA,2020,3,339.519
CUUR0000SEHA,2020,2,338.616
CUUR0000SEHA,2020,1,337.825
CUUR0000SEHA,2019,12,336.789
CUUR0000SEHA,2019,11,335.819
CUUR0000SEHA,2019,10,334.68
CUUR0000SEHA,2019,9,333.834
CUUR0000SEHA,2019,8,332.638
CUUR0000SEHA,2019,7,331.605
CUUR0000SEHA,2019,6,330.648
CUUR0000SEHA,2019,5,329.333
CUUR0000SEHA,2019,4,328.678
CUUR0000SEHA,2019,3,327.513
CUUR0000SEHA,2019,2,326.351
CUUR0000SEHA,2019,1,325.597
CUUR0000SEHA,2018,12,324.815
CUUR0000SEHA,2018,11,323.968
CUUR0000SEHA,2018,10,322.628
CUUR0000SEHA,2018,9,321.533
CUUR0000SEHA,2018,8,320.651
CUUR0000SEHA,2018,7,319.351
CUUR0000SEHA,2018,6,318.318
CUUR0000SEHA,2018,5,317.49
CUUR0000SEHA,2018,4,316.763
CUUR0000SEHA,2018,3,315.883
CUUR0000SEHA,2018,2,315.277
CUUR0000SEHA,2018,1,314.788
CUUR0000SEHA,2017,12,313.904
CUUR0000SEHA,2017,11,312.67
CUUR0000SEHA,2017,10,311.501
CUUR0000SEHA,2017,9,310.268
CUUR0000SEHA,2017,8,309.479
CUUR0000SEHA,2017,7,308.173
CUUR0000SEHA,2017,6,307.314
CUUR0000SEHA,2017,5,306.379
CUUR0000SEHA,2017,4,305.477
CUUR0000SEHA,2017,3,304.868
CUUR0000SEHA,2017,2,304.211
CUUR0000SEHA,2017,1,303.467
CUUR0000SEHA,2016,12,302.735
CUUR0000SEHA,2016,11,301.587
CUUR0000SEHA,2016,10,300.4
CUUR0000SEHA,2016,9,298.962
CUUR0000SEHA,2016,8,297.916
CUUR0000SEHA,2016,7,296.862
CUUR0000SEHA,2016,6,295.902
CUUR0000SEHA,2016,5,295.036
CUUR0000SEHA,2016,4,294.175
CUUR0000SEHA,2016,3,293.489
CUUR0000SEHA,2016,2,292.777
CUUR0000SEHA,2016,1,292.004
CUUR0000SEHA,2015,12,291.204
CUUR0000SEHA,2015,11,290.322
CUUR0000SEHA,2015,10,289.428
CUUR0000SEHA,2015,9,288.306
CUUR0000SEHA,2015,8,287.068
CUUR0000SEHA,2015,7,286.09
CUUR0000SEHA,2015,6,285.031
CUUR0000SEHA,2015,5,284.245
CUUR0000SEHA,2015,4,283.598
CUUR0000SEHA,2015,3,283.13
CUUR0000SEHA,2015,2,282.389
CUUR0000SEHA,2015,1,281.572
