"Series_ID","Year","Month","Value","Sector_Type","Inflation","Direct_Shock_Index","Tariff_Intensity","Time_Index"
"CUUR0000SAA",2016,1,121.878,"Apparel",-0.529679172753761,4825.02221054091,0,13
"CUUR0000SAD",2016,1,107.862,"Durables",-0.564190497262025,67785.7456494798,0,13
"CUUR0000SAM",2016,1,454.175,"Medical",2.99476833972457,7.01598749958424,0,13
"CUUR0000SEHA",2016,1,292.004,"Rent",3.70491384086486,0,0,13
"CUUR0000SAA",2016,2,125.567,"Apparel",0.891874301967748,4825.02221054091,0,14
"CUUR0000SAD",2016,2,108.252,"Durables",-0.742696814655886,67785.7456494798,0,14
"CUUR0000SAM",2016,2,458.295,"Medical",3.50329619700847,7.01598749958424,0,14
"CUUR0000SEHA",2016,2,292.777,"Rent",3.67861354372868,0,0,14
"CUUR0000SAA",2016,3,127.427,"Apparel",-0.637841631252679,4825.02221054091,0,15
"CUUR0000SAD",2016,3,108.525,"Durables",-0.969093049358042,67785.7456494798,0,15
"CUUR0000SAM",2016,3,458.62,"Medical",3.28814017386605,7.01598749958424,0,15
"CUUR0000SEHA",2016,3,293.489,"Rent",3.65874333345106,0,0,15
"CUUR0000SAA",2016,4,127.77,"Apparel",-0.640003732707063,4825.02221054091,0,16
"CUUR0000SAD",2016,4,108.676,"Durables",-1.3936776394585,67785.7456494798,0,16
"CUUR0000SAM",2016,4,459.994,"Medical",2.98457673906279,7.01598749958424,0,16
"CUUR0000SEHA",2016,4,294.175,"Rent",3.72957496174162,0,0,16
"CUUR0000SAA",2016,5,127.758,"Apparel",0.531148934161137,4825.02221054091,0,17
"CUUR0000SAD",2016,5,108.345,"Durables",-1.68062651433342,67785.7456494798,0,17
"CUUR0000SAM",2016,5,461.23,"Medical",3.13430065762847,7.01598749958424,0,17
"CUUR0000SEHA",2016,5,295.036,"Rent",3.79637284736759,0,0,17
"CUUR0000SAA",2016,6,125.472,"Apparel",0.414552555340366,4825.02221054091,0,18
"CUUR0000SAD",2016,6,107.832,"Durables",-2.0145571518142,67785.7456494798,0,18
"CUUR0000SAM",2016,6,462.075,"Medical",3.54134595346773,7.01598749958424,0,18
"CUUR0000SEHA",2016,6,295.902,"Rent",3.81397111191414,0,0,18
"CUUR0000SAA",2016,7,123.03,"Apparel",0.345004771342584,4825.02221054091,0,19
"CUUR0000SAD",2016,7,107.432,"Durables",-2.0245868748404,67785.7456494798,0,19
"CUUR0000SAM",2016,7,464.164,"Medical",3.89258079606421,7.01598749958424,0,19
"CUUR0000SEHA",2016,7,296.862,"Rent",3.7652486979622,0,0,19
"CUUR0000SAA",2016,8,124.871,"Apparel",0.260142757352644,4825.02221054091,0,20
"CUUR0000SAD",2016,8,106.982,"Durables",-2.01947118246678,67785.7456494798,0,20
"CUUR0000SAM",2016,8,468.379,"Medical",4.89165487217156,7.01598749958424,0,20
"CUUR0000SEHA",2016,8,297.916,"Rent",3.77889559268188,0,0,20
"CUUR0000SAA",2016,9,128.429,"Apparel",-0.0863544421969737,4825.02221054091,0,21
"CUUR0000SAD",2016,9,106.41,"Durables",-2.32955171274369,67785.7456494798,0,21
"CUUR0000SAM",2016,9,469.154,"Medical",4.8883384120781,7.01598749958424,0,21
"CUUR0000SEHA",2016,9,298.962,"Rent",3.69607292251982,0,0,21
"CUUR0000SAA",2016,10,130.328,"Apparel",0.681365202478257,4825.02221054091,0,22
"CUUR0000SAD",2016,10,106.123,"Durables",-2.19078341013824,67785.7456494798,0,22
"CUUR0000SAM",2016,10,469.23,"Medical",4.25827380489485,7.01598749958424,0,22
"CUUR0000SEHA",2016,10,300.4,"Rent",3.79092554970493,0,0,22
"CUUR0000SAA",2016,11,127.377,"Apparel",0.266060028810046,4825.02221054091,0,23
"CUUR0000SAD",2016,11,105.479,"Durables",-2.26729425717622,67785.7456494798,0,23
"CUUR0000SAM",2016,11,469.333,"Medical",3.97943155408745,7.01598749958424,0,23
"CUUR0000SEHA",2016,11,301.587,"Rent",3.88017442701552,0,0,23
"CUUR0000SAA",2016,12,122.637,"Apparel",-0.126229721805982,4825.02221054091,0,24
"CUUR0000SAD",2016,12,105.431,"Durables",-2.01488861420646,67785.7456494798,0,24
"CUUR0000SAM",2016,12,469.447,"Medical",4.07362904370034,7.01598749958424,0,24
"CUUR0000SEHA",2016,12,302.735,"Rent",3.95976703616709,0,0,24
"CUUR0000SAA",2017,1,123.088,"Apparel",0.992796074763283,4825.02221054091,0,25
"CUUR0000SAD",2017,1,106.147,"Durables",-1.5899946227587,67785.7456494798,0,25
"CUUR0000SAM",2017,1,471.7,"Medical",3.85864479550833,7.01598749958424,0,25
"CUUR0000SEHA",2017,1,303.467,"Rent",3.92563115573758,0,0,25
"CUUR0000SAA",2017,2,126.1,"Apparel",0.424474583290197,4825.02221054091,0,26
"CUUR0000SAD",2017,2,106.326,"Durables",-1.77918190887928,67785.7456494798,0,26
"CUUR0000SAM",2017,2,474.546,"Medical",3.54596929925048,7.01598749958424,0,26
"CUUR0000SEHA",2017,2,304.211,"Rent",3.90536141841744,0,0,26
"CUUR0000SAA",2017,3,128.25,"Apparel",0.645859982578255,4825.02221054091,0,27
"CUUR0000SAD",2017,3,106.343,"Durables",-2.01059663671965,67785.7456494798,0,27
"CUUR0000SAM",2017,3,474.561,"Medical",3.47586236971784,7.01598749958424,0,27
"CUUR0000SEHA",2017,3,304.868,"Rent",3.87714701402779,0,0,27
"CUUR0000SAA",2017,4,128.349,"Apparel",0.453158018314153,4825.02221054091,0,28
"CUUR0000SAD",2017,4,106.397,"Durables",-2.09705914829401,67785.7456494798,0,28
"CUUR0000SAM",2017,4,473.582,"Medical",2.95395157328138,7.01598749958424,0,28
"CUUR0000SEHA",2017,4,305.477,"Rent",3.84193082348941,0,0,28
"CUUR0000SAA",2017,5,126.563,"Apparel",-0.935362169100951,4825.02221054091,0,29
"CUUR0000SAD",2017,5,106.257,"Durables",-1.92717707323826,67785.7456494798,0,29
"CUUR0000SAM",2017,5,473.512,"Medical",2.66287969126032,7.01598749958424,0,29
"CUUR0000SEHA",2017,5,306.379,"Rent",3.84461557233694,0,0,29
"CUUR0000SAA",2017,6,124.63,"Apparel",-0.671066054577913,4825.02221054091,0,30
"CUUR0000SAD",2017,6,105.917,"Durables",-1.77591067586616,67785.7456494798,0,30
"CUUR0000SAM",2017,6,474.36,"Medical",2.65865930855381,7.01598749958424,0,30
"CUUR0000SEHA",2017,6,307.314,"Rent",3.85668227994405,0,0,30
"CUUR0000SAA",2017,7,122.485,"Apparel",-0.442981386653663,4825.02221054091,0,31
"CUUR0000SAD",2017,7,105.298,"Durables",-1.98637277533696,67785.7456494798,0,31
"CUUR0000SAM",2017,7,476.126,"Medical",2.57710636757697,7.01598749958424,0,31
"CUUR0000SEHA",2017,7,308.173,"Rent",3.8101878987543,0,0,31
"CUUR0000SAA",2017,8,124.147,"Apparel",-0.579798351899152,4825.02221054091,0,32
"CUUR0000SAD",2017,8,104.9,"Durables",-1.94612177749527,67785.7456494798,0,32
"CUUR0000SAM",2017,8,476.869,"Medical",1.81263463989633,7.01598749958424,0,32
"CUUR0000SEHA",2017,8,309.479,"Rent",3.88129539870299,0,0,32
"CUUR0000SAA",2017,9,128.15,"Apparel",-0.217240654369337,4825.02221054091,0,33
"CUUR0000SAD",2017,9,104.175,"Durables",-2.10036650690725,67785.7456494798,0,33
"CUUR0000SAM",2017,9,476.485,"Medical",1.56259991388755,7.01598749958424,0,33
"CUUR0000SEHA",2017,9,310.268,"Rent",3.78175152694991,0,0,33
"CUUR0000SAA",2017,10,129.57,"Apparel",-0.58160947762569,4825.02221054091,0,34
"CUUR0000SAD",2017,10,103.838,"Durables",-2.15316189704401,67785.7456494798,0,34
"CUUR0000SAM",2017,10,477.121,"Medical",1.68169128146111,7.01598749958424,0,34
"CUUR0000SEHA",2017,10,311.501,"Rent",3.69540612516644,0,0,34
"CUUR0000SAA",2017,11,125.398,"Apparel",-1.55365568352214,4825.02221054091,0,35
"CUUR0000SAD",2017,11,103.714,"Durables",-1.67331885967823,67785.7456494798,0,35
"CUUR0000SAM",2017,11,477.198,"Medical",1.67578244018638,7.01598749958424,0,35
"CUUR0000SEHA",2017,11,312.67,"Rent",3.67489314857737,0,0,35
"CUUR0000SAA",2017,12,120.614,"Apparel",-1.64958373084795,4825.02221054091,0,36
"CUUR0000SAD",2017,12,104.083,"Durables",-1.27856133395301,67785.7456494798,0,36
"CUUR0000SAM",2017,12,477.802,"Medical",1.77975362500986,7.01598749958424,0,36
"CUUR0000SEHA",2017,12,313.904,"Rent",3.68936528647166,0,0,36
"CUUR0000SAA",2018,1,122.266,"Apparel",-0.667814896659291,4825.02221054091,8.9,37
"CUUR0000SAD",2018,1,104.433,"Durables",-1.6147418203058,67785.7456494798,8.9,37
"CUUR0000SAM",2018,1,481.06,"Medical",1.98431206275175,7.01598749958424,8.9,37
"CUUR0000SEHA",2018,1,314.788,"Rent",3.73055389877648,0,8.9,37
"CUUR0000SAA",2018,2,126.587,"Apparel",0.386201427438548,4825.02221054091,8.9,38
"CUUR0000SAD",2018,2,104.626,"Durables",-1.59885634745969,67785.7456494798,8.9,38
"CUUR0000SAM",2018,2,482.897,"Medical",1.75978724928669,7.01598749958424,8.9,38
"CUUR0000SEHA",2018,2,315.277,"Rent",3.63760679265377,0,8.9,38
"CUUR0000SAA",2018,3,128.604,"Apparel",0.276023391812876,4825.02221054091,8.9,39
"CUUR0000SAD",2018,3,105.046,"Durables",-1.2196383400882,67785.7456494798,8.9,39
"CUUR0000SAM",2018,3,483.984,"Medical",1.98562460884902,7.01598749958424,8.9,39
"CUUR0000SEHA",2018,3,315.883,"Rent",3.61303908576826,0,8.9,39
"CUUR0000SAA",2018,4,129.365,"Apparel",0.791591675821409,4825.02221054091,8.9,40
"CUUR0000SAD",2018,4,104.891,"Durables",-1.41545344323618,67785.7456494798,8.9,40
"CUUR0000SAM",2018,4,484.034,"Medical",2.20700955695107,7.01598749958424,8.9,40
"CUUR0000SEHA",2018,4,316.763,"Rent",3.69454983517581,0,8.9,40
"CUUR0000SAA",2018,5,128.362,"Apparel",1.42142648325339,4825.02221054091,8.9,41
"CUUR0000SAD",2018,5,104.583,"Durables",-1.57542561901805,67785.7456494798,8.9,41
"CUUR0000SAM",2018,5,484.853,"Medical",2.39508185642603,7.01598749958424,8.9,41
"CUUR0000SEHA",2018,5,317.49,"Rent",3.62655403927815,0,8.9,41
"CUUR0000SAA",2018,6,125.382,"Apparel",0.603386022626984,4825.02221054091,8.9,42
"CUUR0000SAD",2018,6,104.636,"Durables",-1.20943757848127,67785.7456494798,8.9,42
"CUUR0000SAM",2018,6,486.019,"Medical",2.45783792899907,7.01598749958424,8.9,42
"CUUR0000SEHA",2018,6,318.318,"Rent",3.58070247369139,0,8.9,42
"CUUR0000SAA",2018,7,122.831,"Apparel",0.282483569416666,4825.02221054091,8.9,43
"CUUR0000SAD",2018,7,104.864,"Durables",-0.412163573857051,67785.7456494798,8.9,43
"CUUR0000SAM",2018,7,485.193,"Medical",1.90432784599035,7.01598749958424,8.9,43
"CUUR0000SEHA",2018,7,319.351,"Rent",3.62718343268229,0,8.9,43
"CUUR0000SAA",2018,8,122.447,"Apparel",-1.3693444062281,4825.02221054091,8.9,44
"CUUR0000SAD",2018,8,104.669,"Durables",-0.220209723546243,67785.7456494798,8.9,44
"CUUR0000SAM",2018,8,484.172,"Medical",1.53144783997282,7.01598749958424,8.9,44
"CUUR0000SEHA",2018,8,320.651,"Rent",3.6099379925617,0,8.9,44
"CUUR0000SAA",2018,9,127.44,"Apparel",-0.554038236441676,4825.02221054091,8.9,45
"CUUR0000SAD",2018,9,103.488,"Durables",-0.659467242620588,67785.7456494798,8.9,45
"CUUR0000SAM",2018,9,484.708,"Medical",1.72576261582212,7.01598749958424,8.9,45
"CUUR0000SEHA",2018,9,321.533,"Rent",3.63073214124565,0,8.9,45
"CUUR0000SAA",2018,10,129.108,"Apparel",-0.356564019448938,4825.02221054091,8.9,46
"CUUR0000SAD",2018,10,103.726,"Durables",-0.10786032088445,67785.7456494798,8.9,46
"CUUR0000SAM",2018,10,485.269,"Medical",1.7077428995999,7.01598749958424,8.9,46
"CUUR0000SEHA",2018,10,322.628,"Rent",3.5720591587186,0,8.9,46
"CUUR0000SAA",2018,11,124.935,"Apparel",-0.369224389543688,4825.02221054091,8.9,47
"CUUR0000SAD",2018,11,103.913,"Durables",0.191873806814893,67785.7456494798,8.9,47
"CUUR0000SAM",2018,11,486.886,"Medical",2.03018453555967,7.01598749958424,8.9,47
"CUUR0000SEHA",2018,11,323.968,"Rent",3.61339431349346,0,8.9,47
"CUUR0000SAA",2018,12,120.526,"Apparel",-0.0729600212247401,4825.02221054091,8.9,48
"CUUR0000SAD",2018,12,104.169,"Durables",0.0826263654967656,67785.7456494798,8.9,48
"CUUR0000SAM",2018,12,487.409,"Medical",2.01066550579528,7.01598749958424,8.9,48
"CUUR0000SEHA",2018,12,324.815,"Rent",3.47590346093073,0,8.9,48
"CUUR0000SAA",2019,1,122.422,"Apparel",0.127590662980707,4825.02221054091,14.4,49
"CUUR0000SAD",2019,1,104.808,"Durables",0.359081899399615,67785.7456494798,14.4,49
"CUUR0000SAM",2019,1,490.204,"Medical",1.90080239471168,7.01598749958424,14.4,49
"CUUR0000SEHA",2019,1,325.597,"Rent",3.43373953263783,0,14.4,49
"CUUR0000SAA",2019,2,125.631,"Apparel",-0.755211830598721,4825.02221054091,14.4,50
"CUUR0000SAD",2019,2,105.042,"Durables",0.397606713436428,67785.7456494798,14.4,50
"CUUR0000SAM",2019,2,491.227,"Medical",1.72500553948357,7.01598749958424,14.4,50
"CUUR0000SEHA",2019,2,326.351,"Rent",3.51246681489611,0,14.4,50
"CUUR0000SAA",2019,3,125.785,"Apparel",-2.19200024882587,4825.02221054091,14.4,51
"CUUR0000SAD",2019,3,105.379,"Durables",0.317003979209107,67785.7456494798,14.4,51
"CUUR0000SAM",2019,3,492.306,"Medical",1.71947832986214,7.01598749958424,14.4,51
"CUUR0000SEHA",2019,3,327.513,"Rent",3.68174292380407,0,14.4,51
"CUUR0000SAA",2019,4,125.542,"Apparel",-2.95520426699649,4825.02221054091,14.4,52
"CUUR0000SAD",2019,4,105.178,"Durables",0.27361737422657,67785.7456494798,14.4,52
"CUUR0000SAM",2019,4,493.331,"Medical",1.92073284108142,7.01598749958424,14.4,52
"CUUR0000SEHA",2019,4,328.678,"Rent",3.76148729491766,0,14.4,52
"CUUR0000SAA",2019,5,124.429,"Apparel",-3.06399090073386,4825.02221054091,14.4,53
"CUUR0000SAD",2019,5,104.849,"Durables",0.25434344013846,67785.7456494798,14.4,53
"CUUR0000SAM",2019,5,494.928,"Medical",2.07794939909622,7.01598749958424,14.4,53
"CUUR0000SEHA",2019,5,329.333,"Rent",3.73019622665281,0,14.4,53
"CUUR0000SAA",2019,6,123.749,"Apparel",-1.3024198050757,4825.02221054091,14.4,54
"CUUR0000SAD",2019,6,105.167,"Durables",0.507473527275513,67785.7456494798,14.4,54
"CUUR0000SAM",2019,6,495.563,"Medical",1.9637092377047,7.01598749958424,14.4,54
"CUUR0000SEHA",2019,6,330.648,"Rent",3.87348500556049,0,14.4,54
"CUUR0000SAA",2019,7,122.161,"Apparel",-0.545464907067436,4825.02221054091,14.4,55
"CUUR0000SAD",2019,7,105.369,"Durables",0.481576136710401,67785.7456494798,14.4,55
"CUUR0000SAM",2019,7,497.687,"Medical",2.57505776052005,7.01598749958424,14.4,55
"CUUR0000SEHA",2019,7,331.605,"Rent",3.83715723451626,0,14.4,55
"CUUR0000SAA",2019,8,123.641,"Apparel",0.975115764371526,4825.02221054091,14.4,56
"CUUR0000SAD",2019,8,105.331,"Durables",0.632469976783963,67785.7456494798,14.4,56
"CUUR0000SAM",2019,8,500.916,"Medical",3.45827515841477,7.01598749958424,14.4,56
"CUUR0000SEHA",2019,8,332.638,"Rent",3.73833233016581,0,14.4,56
"CUUR0000SAA",2019,9,127.009,"Apparel",-0.338198367859383,4825.02221054091,14.4,57
"CUUR0000SAD",2019,9,104.385,"Durables",0.866767161410024,67785.7456494798,14.4,57
"CUUR0000SAM",2019,9,501.468,"Medical",3.45775188360827,7.01598749958424,14.4,57
"CUUR0000SEHA",2019,9,333.834,"Rent",3.82573483903674,0,14.4,57
"CUUR0000SAA",2019,10,126.154,"Apparel",-2.28800693992627,4825.02221054091,14.4,58
"CUUR0000SAD",2019,10,104.263,"Durables",0.517710120895442,67785.7456494798,14.4,58
"CUUR0000SAM",2019,10,506.1,"Medical",4.29267066307553,7.01598749958424,14.4,58
"CUUR0000SEHA",2019,10,334.68,"Rent",3.73557161808647,0,14.4,58
"CUUR0000SAA",2019,11,122.986,"Apparel",-1.56001120582703,4825.02221054091,14.4,59
"CUUR0000SAD",2019,11,103.902,"Durables",-0.0105857784877693,67785.7456494798,14.4,59
"CUUR0000SAM",2019,11,507.541,"Medical",4.24226615675948,7.01598749958424,14.4,59
"CUUR0000SEHA",2019,11,335.819,"Rent",3.65807734097195,0,14.4,59
"CUUR0000SAA",2019,12,119.111,"Apparel",-1.17402054328526,4825.02221054091,14.4,60
"CUUR0000SAD",2019,12,103.695,"Durables",-0.455029807332319,67785.7456494798,14.4,60
"CUUR0000SAM",2019,12,509.689,"Medical",4.57110968406411,7.01598749958424,14.4,60
"CUUR0000SEHA",2019,12,336.789,"Rent",3.6864061080923,0,14.4,60
"CUUR0000SAA",2020,1,120.853,"Apparel",-1.28163238633579,4825.02221054091,16.2,61
"CUUR0000SAD",2020,1,103.896,"Durables",-0.870162583008936,67785.7456494798,16.2,61
"CUUR0000SAM",2020,1,512.149,"Medical",4.47670765640427,7.01598749958424,16.2,61
"CUUR0000SEHA",2020,1,337.825,"Rent",3.75556285838015,0,16.2,61
"CUUR0000SAA",2020,2,124.438,"Apparel",-0.949606386958631,4825.02221054091,16.2,62
"CUUR0000SAD",2020,2,104.421,"Durables",-0.59119209459073,67785.7456494798,16.2,62
"CUUR0000SAM",2020,2,513.923,"Medical",4.62026720843928,7.01598749958424,16.2,62
"CUUR0000SEHA",2020,2,338.616,"Rent",3.75822350781827,0,16.2,62
"CUUR0000SAA",2020,3,123.815,"Apparel",-1.5661644870215,4825.02221054091,16.2,63
"CUUR0000SAD",2020,3,104.703,"Durables",-0.641494035813589,67785.7456494798,16.2,63
"CUUR0000SAM",2020,3,515.605,"Medical",4.73262564340066,7.01598749958424,16.2,63
"CUUR0000SEHA",2020,3,339.519,"Rent",3.66580868545677,0,16.2,63
"CUUR0000SAA",2020,4,118.394,"Apparel",-5.69371206448838,4825.02221054091,16.2,64
"CUUR0000SAD",2020,4,104.336,"Durables",-0.800547643043221,67785.7456494798,16.2,64
"CUUR0000SAM",2020,4,517.053,"Medical",4.8085362565904,7.01598749958424,16.2,64
"CUUR0000SEHA",2020,4,340.135,"Rent",3.48578243752244,0,16.2,64
"CUUR0000SAA",2020,5,114.582,"Apparel",-7.9137500100459,4825.02221054091,16.2,65
"CUUR0000SAD",2020,5,104.309,"Durables",-0.515026371257719,67785.7456494798,16.2,65
"CUUR0000SAM",2020,5,519.194,"Medical",4.90293537645879,7.01598749958424,16.2,65
"CUUR0000SEHA",2020,5,340.811,"Rent",3.48522619962164,0,16.2,65
"CUUR0000SAA",2020,6,114.734,"Apparel",-7.28490735278669,4825.02221054091,16.2,66
"CUUR0000SAD",2020,6,104.188,"Durables",-0.930900377494841,67785.7456494798,16.2,66
"CUUR0000SAM",2020,6,520.734,"Medical",5.07927347279762,7.01598749958424,16.2,66
"CUUR0000SEHA",2020,6,341.294,"Rent",3.21973821102803,0,16.2,66
"CUUR0000SAA",2020,7,114.267,"Apparel",-6.46196412930477,4825.02221054091,16.2,67
"CUUR0000SAD",2020,7,105.252,"Durables",-0.111038350938136,67785.7456494798,16.2,67
"CUUR0000SAM",2020,7,522.686,"Medical",5.02303656715969,7.01598749958424,16.2,67
"CUUR0000SEHA",2020,7,341.95,"Rent",3.11967551755853,0,16.2,67
"CUUR0000SAA",2020,8,116.299,"Apparel",-5.93815967195348,4825.02221054091,16.2,68
"CUUR0000SAD",2020,8,106.97,"Durables",1.55604712762624,67785.7456494798,16.2,68
"CUUR0000SAM",2020,8,523.295,"Medical",4.46761532871778,7.01598749958424,16.2,68
"CUUR0000SEHA",2020,8,342.444,"Rent",2.94794942249534,0,16.2,68
"CUUR0000SAA",2020,9,119.354,"Apparel",-6.02713193553213,4825.02221054091,16.2,69
"CUUR0000SAD",2020,9,107.474,"Durables",2.95923743832926,67785.7456494798,16.2,69
"CUUR0000SAM",2020,9,522.528,"Medical",4.19966976955658,7.01598749958424,16.2,69
"CUUR0000SEHA",2020,9,342.91,"Rent",2.71871648783528,0,16.2,69
"CUUR0000SAA",2020,10,119.172,"Apparel",-5.53450544572507,4825.02221054091,16.2,70
"CUUR0000SAD",2020,10,107.819,"Durables",3.41060587168986,67785.7456494798,16.2,70
"CUUR0000SAM",2020,10,520.725,"Medical",2.88974510966212,7.01598749958424,16.2,70
"CUUR0000SEHA",2020,10,343.615,"Rent",2.6697143540098,0,16.2,70
"CUUR0000SAA",2020,11,116.602,"Apparel",-5.19083472915616,4825.02221054091,16.2,71
"CUUR0000SAD",2020,11,107.612,"Durables",3.57067236434332,67785.7456494798,16.2,71
"CUUR0000SAM",2020,11,519.848,"Medical",2.42482873304816,7.01598749958424,16.2,71
"CUUR0000SEHA",2020,11,344.039,"Rent",2.44774714950612,0,16.2,71
"CUUR0000SAA",2020,12,114.434,"Apparel",-3.92658948375885,4825.02221054091,16.2,72
"CUUR0000SAD",2020,12,107.691,"Durables",3.85360914219587,67785.7456494798,16.2,72
"CUUR0000SAM",2020,12,518.766,"Medical",1.7808899152228,7.01598749958424,16.2,72
"CUUR0000SEHA",2020,12,344.455,"Rent",2.27620260756735,0,16.2,72
"CUUR0000SAA",2021,1,117.785,"Apparel",-2.53862130025734,4825.02221054091,16.2,73
"CUUR0000SAD",2021,1,107.517,"Durables",3.48521598521598,67785.7456494798,16.2,73
"CUUR0000SAM",2021,1,522.133,"Medical",1.94943268462889,7.01598749958424,16.2,73
"CUUR0000SEHA",2021,1,344.758,"Rent",2.05224598534744,0,16.2,73
"CUUR0000SAA",2021,2,119.998,"Apparel",-3.56804191645639,4825.02221054091,16.2,74
"CUUR0000SAD",2021,2,107.893,"Durables",3.3250016759081,67785.7456494798,16.2,74
"CUUR0000SAM",2021,2,524.207,"Medical",2.00107798249932,7.01598749958424,16.2,74
"CUUR0000SEHA",2021,2,345.242,"Rent",1.95678881092448,0,16.2,74
"CUUR0000SAA",2021,3,120.746,"Apparel",-2.47869805758592,4825.02221054091,16.2,75
"CUUR0000SAD",2021,3,108.597,"Durables",3.71909114352023,67785.7456494798,16.2,75
"CUUR0000SAM",2021,3,524.734,"Medical",1.77054140281805,7.01598749958424,16.2,75
"CUUR0000SEHA",2021,3,345.717,"Rent",1.8255237556661,0,16.2,75
"CUUR0000SAA",2021,4,120.656,"Apparel",1.91056979238813,4825.02221054091,16.2,76
"CUUR0000SAD",2021,4,111.983,"Durables",7.32920564330625,67785.7456494798,16.2,76
"CUUR0000SAM",2021,4,524.585,"Medical",1.45671720307203,7.01598749958424,16.2,76
"CUUR0000SEHA",2021,4,346.267,"Rent",1.80281358872213,0,16.2,76
"CUUR0000SAA",2021,5,120.951,"Apparel",5.55846468031628,4825.02221054091,16.2,77
"CUUR0000SAD",2021,5,115.051,"Durables",10.2982484732861,67785.7456494798,16.2,77
"CUUR0000SAM",2021,5,523.918,"Medical",0.909871839813258,7.01598749958424,16.2,77
"CUUR0000SEHA",2021,5,347.016,"Rent",1.82065719709752,0,16.2,77
"CUUR0000SAA",2021,6,120.324,"Apparel",4.87213903463664,4825.02221054091,16.2,78
"CUUR0000SAD",2021,6,119.434,"Durables",14.6331631281913,67785.7456494798,16.2,78
"CUUR0000SAM",2021,6,522.989,"Medical",0.433042589882742,7.01598749958424,16.2,78
"CUUR0000SEHA",2021,6,347.833,"Rent",1.91594343879472,0,16.2,78
"CUUR0000SAA",2021,7,119.078,"Apparel",4.21031443898939,4825.02221054091,16.2,79
"CUUR0000SAD",2021,7,120.31,"Durables",14.3066165013492,67785.7456494798,16.2,79
"CUUR0000SAM",2021,7,524.219,"Medical",0.293292722590621,7.01598749958424,16.2,79
"CUUR0000SEHA",2021,7,348.469,"Rent",1.90641906711508,0,16.2,79
"CUUR0000SAA",2021,8,121.194,"Apparel",4.2089785810712,4825.02221054091,16.2,80
"CUUR0000SAD",2021,8,120.666,"Durables",12.8035897915303,67785.7456494798,16.2,80
"CUUR0000SAM",2021,8,525.247,"Medical",0.373020953764129,7.01598749958424,16.2,80
"CUUR0000SEHA",2021,8,349.71,"Rent",2.12180677716647,0,16.2,80
"CUUR0000SAA",2021,9,123.406,"Apparel",3.39494277527356,4825.02221054091,16.2,81
"CUUR0000SAD",2021,9,120.107,"Durables",11.7544708487634,67785.7456494798,16.2,81
"CUUR0000SAM",2021,9,524.818,"Medical",0.438254026578473,7.01598749958424,16.2,81
"CUUR0000SEHA",2021,9,351.255,"Rent",2.43358315593012,0,16.2,81
"CUUR0000SAA",2021,10,124.323,"Apparel",4.32232403584734,4825.02221054091,16.2,82
"CUUR0000SAD",2021,10,122.097,"Durables",13.2425639265806,67785.7456494798,16.2,82
"CUUR0000SAM",2021,10,527.564,"Medical",1.31336117912525,7.01598749958424,16.2,82
"CUUR0000SEHA",2021,10,352.892,"Rent",2.69982393085284,0,16.2,82
"CUUR0000SAA",2021,11,122.383,"Apparel",4.9578909452668,4825.02221054091,16.2,83
"CUUR0000SAD",2021,11,123.678,"Durables",14.9295617589116,67785.7456494798,16.2,83
"CUUR0000SAM",2021,11,528.877,"Medical",1.7368538495868,7.01598749958424,16.2,83
"CUUR0000SEHA",2021,11,354.526,"Rent",3.04820093070844,0,16.2,83
"CUUR0000SAA",2021,12,121.068,"Apparel",5.79722809654473,4825.02221054091,16.2,84
"CUUR0000SAD",2021,12,125.747,"Durables",16.7664893073702,67785.7456494798,16.2,84
"CUUR0000SAM",2021,12,530.026,"Medical",2.17053546300259,7.01598749958424,16.2,84
"CUUR0000SEHA",2021,12,355.931,"Rent",3.33163983684371,0,16.2,84
"CUUR0000SAA",2022,1,124.079,"Apparel",5.34363458844505,4825.02221054091,16.2,85
"CUUR0000SAD",2022,1,127.345,"Durables",18.4417347954277,67785.7456494798,16.2,85
"CUUR0000SAM",2022,1,535.048,"Medical",2.47350770780624,7.01598749958424,16.2,85
"CUUR0000SEHA",2022,1,357.737,"Rent",3.76466971034756,0,16.2,85
"CUUR0000SAA",2022,2,127.868,"Apparel",6.55844264071067,4825.02221054091,16.2,86
"CUUR0000SAD",2022,2,128.109,"Durables",18.7370821091266,67785.7456494798,16.2,86
"CUUR0000SAM",2022,2,536.932,"Medical",2.4274761687654,7.01598749958424,16.2,86
"CUUR0000SEHA",2022,2,359.627,"Rent",4.16664252900863,0,16.2,86
"CUUR0000SAA",2022,3,128.919,"Apparel",6.76875424444703,4825.02221054091,16.2,87
"CUUR0000SAD",2022,3,127.471,"Durables",17.37985395545,67785.7456494798,16.2,87
"CUUR0000SAM",2022,3,539.739,"Medical",2.85954407375928,7.01598749958424,16.2,87
"CUUR0000SEHA",2022,3,361.083,"Rent",4.44467584758633,0,16.2,87
"CUUR0000SAA",2022,4,127.126,"Apparel",5.3623524731468,4825.02221054091,16.2,88
"CUUR0000SAD",2022,4,127.622,"Durables",13.9655126224516,67785.7456494798,16.2,88
"CUUR0000SAM",2022,4,541.515,"Medical",3.22731301886252,7.01598749958424,16.2,88
"CUUR0000SEHA",2022,4,362.951,"Rent",4.81824719075165,0,16.2,88
"CUUR0000SAA",2022,5,126.97,"Apparel",4.97639539979,4825.02221054091,16.2,89
"CUUR0000SAD",2022,5,128.122,"Durables",11.3610485784565,67785.7456494798,16.2,89
"CUUR0000SAM",2022,5,543.488,"Medical",3.73531735882334,7.01598749958424,16.2,89
"CUUR0000SEHA",2022,5,365.116,"Rent",5.21589782603683,0,16.2,89
"CUUR0000SAA",2022,6,126.619,"Apparel",5.23170772248263,4825.02221054091,16.2,90
"CUUR0000SAD",2022,6,129.464,"Durables",8.39794363414103,67785.7456494798,16.2,90
"CUUR0000SAM",2022,6,546.717,"Medical",4.53699791008988,7.01598749958424,16.2,90
"CUUR0000SEHA",2022,6,367.927,"Rent",5.77691018391009,0,16.2,90
"CUUR0000SAA",2022,7,125.188,"Apparel",5.13109054569274,4825.02221054091,16.2,91
"CUUR0000SAD",2022,7,129.856,"Durables",7.93450253511761,67785.7456494798,16.2,91
"CUUR0000SAM",2022,7,549.562,"Medical",4.83442988521972,7.01598749958424,16.2,91
"CUUR0000SEHA",2022,7,370.448,"Rent",6.3073042365318,0,16.2,91
"CUUR0000SAA",2022,8,127.328,"Apparel",5.06130666534647,4825.02221054091,16.2,92
"CUUR0000SAD",2022,8,130.123,"Durables",7.8373361178791,67785.7456494798,16.2,92
"CUUR0000SAM",2022,8,553.429,"Medical",5.36547567144601,7.01598749958424,16.2,92
"CUUR0000SEHA",2022,8,373.283,"Rent",6.74072803179779,0,16.2,92
"CUUR0000SAA",2022,9,130.143,"Apparel",5.45921592143007,4825.02221054091,16.2,93
"CUUR0000SAD",2022,9,128.688,"Durables",7.14446285395521,67785.7456494798,16.2,93
"CUUR0000SAM",2022,9,556.323,"Medical",6.00303343254233,7.01598749958424,16.2,93
"CUUR0000SEHA",2022,9,376.569,"Rent",7.20673015330743,0,16.2,93
"CUUR0000SAA",2022,10,129.414,"Apparel",4.09497840303081,4825.02221054091,16.2,94
"CUUR0000SAD",2022,10,127.903,"Durables",4.75523559137408,67785.7456494798,16.2,94
"CUUR0000SAM",2022,10,554.043,"Medical",5.01910668658211,7.01598749958424,16.2,94
"CUUR0000SEHA",2022,10,379.436,"Rent",7.52184804416081,0,16.2,94
"CUUR0000SAA",2022,11,126.728,"Apparel",3.55032970265478,4825.02221054091,16.2,95
"CUUR0000SAD",2022,11,126.596,"Durables",2.3593525121687,67785.7456494798,16.2,95
"CUUR0000SAM",2022,11,550.844,"Medical",4.15351773663822,7.01598749958424,16.2,95
"CUUR0000SEHA",2022,11,382.562,"Rent",7.90802367104246,0,16.2,95
"CUUR0000SAA",2022,12,124.587,"Apparel",2.90663098424027,4825.02221054091,16.2,96
"CUUR0000SAD",2022,12,125.624,"Durables",-0.0978154548418687,67785.7456494798,16.2,96
"CUUR0000SAM",2022,12,551.002,"Medical",3.95754170550124,7.01598749958424,16.2,96
"CUUR0000SEHA",2022,12,385.649,"Rent",8.34937108596892,0,16.2,96
"CUUR0000SAA",2023,1,127.875,"Apparel",3.05934122615431,4825.02221054091,16.2,97
"CUUR0000SAD",2023,1,125.749,"Durables",-1.25328831128038,67785.7456494798,16.2,97
"CUUR0000SAM",2023,1,551.422,"Medical",3.06028617993152,7.01598749958424,16.2,97
"CUUR0000SEHA",2023,1,388.372,"Rent",8.56355367211107,0,16.2,97
"CUUR0000SAA",2023,2,132.039,"Apparel",3.26195764382018,4825.02221054091,16.2,98
"CUUR0000SAD",2023,2,125.825,"Durables",-1.78285678601816,67785.7456494798,16.2,98
"CUUR0000SAM",2023,2,549.487,"Medical",2.33828492248552,7.01598749958424,16.2,98
"CUUR0000SEHA",2023,2,391.141,"Rent",8.76296829770846,0,16.2,98
"CUUR0000SAA",2023,3,133.112,"Apparel",3.25242982027473,4825.02221054091,16.2,99
"CUUR0000SAD",2023,3,126.227,"Durables",-0.975908245797083,67785.7456494798,16.2,99
"CUUR0000SAM",2023,3,547.805,"Medical",1.49442600960833,7.01598749958424,16.2,99
"CUUR0000SEHA",2023,3,392.91,"Rent",8.81431692990254,0,16.2,99
"CUUR0000SAA",2023,4,131.762,"Apparel",3.6467756399163,4825.02221054091,16.2,100
"CUUR0000SAD",2023,4,127.406,"Durables",-0.169249815862464,67785.7456494798,16.2,100
"CUUR0000SAM",2023,4,547.219,"Medical",1.05334108935118,7.01598749958424,16.2,100
"CUUR0000SEHA",2023,4,394.898,"Rent",8.80201459701172,0,16.2,100
"CUUR0000SAA",2023,5,131.382,"Apparel",3.47483657556904,4825.02221054091,16.2,101
"CUUR0000SAD",2023,5,128.059,"Durables",-0.0491718830489819,67785.7456494798,16.2,101
"CUUR0000SAM",2023,5,547.42,"Medical",0.723475035327349,7.01598749958424,16.2,101
"CUUR0000SEHA",2023,5,396.726,"Rent",8.65752254078156,0,16.2,101
"CUUR0000SAA",2023,6,130.51,"Apparel",3.07299852312843,4825.02221054091,16.2,102
"CUUR0000SAD",2023,6,128.392,"Durables",-0.828029413582156,67785.7456494798,16.2,102
"CUUR0000SAM",2023,6,547.432,"Medical",0.130780641538498,7.01598749958424,16.2,102
"CUUR0000SEHA",2023,6,398.593,"Rent",8.33480554566531,0,16.2,102
"CUUR0000SAA",2023,7,129.172,"Apparel",3.18241364987059,4825.02221054091,16.2,103
"CUUR0000SAD",2023,7,128.029,"Durables",-1.4069430754066,67785.7456494798,16.2,103
"CUUR0000SAM",2023,7,546.698,"Medical",-0.521142291497599,7.01598749958424,16.2,103
"CUUR0000SEHA",2023,7,400.21,"Rent",8.03405606184944,0,16.2,103
"CUUR0000SAA",2023,8,131.262,"Apparel",3.08965820557929,4825.02221054091,16.2,104
"CUUR0000SAD",2023,8,127.556,"Durables",-1.97274886069334,67785.7456494798,16.2,104
"CUUR0000SAM",2023,8,548.082,"Medical",-0.966158260589882,7.01598749958424,16.2,104
"CUUR0000SEHA",2023,8,402.247,"Rent",7.75926040028611,0,16.2,104
"CUUR0000SAA",2023,9,133.157,"Apparel",2.31591403302522,4825.02221054091,16.2,105
"CUUR0000SAD",2023,9,125.849,"Durables",-2.20611090389157,67785.7456494798,16.2,105
"CUUR0000SAM",2023,9,548.431,"Medical",-1.41860034548274,7.01598749958424,16.2,105
"CUUR0000SEHA",2023,9,404.487,"Rent",7.41378074137808,0,16.2,105
"CUUR0000SAA",2023,10,132.786,"Apparel",2.60559135796746,4825.02221054091,16.2,106
"CUUR0000SAD",2023,10,125.259,"Durables",-2.06719154359163,67785.7456494798,16.2,106
"CUUR0000SAM",2023,10,549.762,"Medical",-0.772683708665223,7.01598749958424,16.2,106
"CUUR0000SEHA",2023,10,406.683,"Rent",7.1809211566641,0,16.2,106
"CUUR0000SAA",2023,11,128.093,"Apparel",1.07711003093239,4825.02221054091,16.2,107
"CUUR0000SAD",2023,11,124.57,"Durables",-1.60036652026921,67785.7456494798,16.2,107
"CUUR0000SAM",2023,11,551.769,"Medical",0.167924130969922,7.01598749958424,16.2,107
"CUUR0000SEHA",2023,11,408.838,"Rent",6.86842916965093,0,16.2,107
"CUUR0000SAA",2023,12,125.794,"Apparel",0.96880091823384,4825.02221054091,16.2,108
"CUUR0000SAD",2023,12,124.061,"Durables",-1.24418900846971,67785.7456494798,16.2,108
"CUUR0000SAM",2023,12,553.485,"Medical",0.450633573017895,7.01598749958424,16.2,108
"CUUR0000SEHA",2023,12,410.606,"Rent",6.47142868255849,0,16.2,108
"CUUR0000SAA",2024,1,127.946,"Apparel",0.0555229716520023,4825.02221054091,16.2,109
"CUUR0000SAD",2024,1,123.752,"Durables",-1.58808419947674,67785.7456494798,16.2,109
"CUUR0000SAM",2024,1,557.215,"Medical",1.05055656103674,7.01598749958424,16.2,109
"CUUR0000SEHA",2024,1,412.019,"Rent",6.08874996137723,0,16.2,109
"CUUR0000SAA",2024,2,131.985,"Apparel",-0.0408970077022498,4825.02221054091,16.2,110
"CUUR0000SAD",2024,2,123.847,"Durables",-1.57202463739321,67785.7456494798,16.2,110
"CUUR0000SAM",2024,2,557.236,"Medical",1.41022444571028,7.01598749958424,16.2,110
"CUUR0000SEHA",2024,2,413.695,"Rent",5.76620707110734,0,16.2,110
"CUUR0000SAA",2024,3,133.64,"Apparel",0.396658453032027,4825.02221054091,16.2,111
"CUUR0000SAD",2024,3,123.613,"Durables",-2.07087231733306,67785.7456494798,16.2,111
"CUUR0000SAM",2024,3,559.935,"Medical",2.21429158185851,7.01598749958424,16.2,111
"CUUR0000SEHA",2024,3,415.219,"Rent",5.67789061108141,0,16.2,111
"CUUR0000SAA",2024,4,133.502,"Apparel",1.32056283298676,4825.02221054091,16.2,112
"CUUR0000SAD",2024,4,123.372,"Durables",-3.16625590631525,67785.7456494798,16.2,112
"CUUR0000SAM",2024,4,561.612,"Medical",2.63020838092243,7.01598749958424,16.2,112
"CUUR0000SEHA",2024,4,416.386,"Rent",5.44140512233539,0,16.2,112
"CUUR0000SAA",2024,5,132.433,"Apparel",0.799957376200688,4825.02221054091,16.2,113
"CUUR0000SAD",2024,5,123.167,"Durables",-3.82011416612655,67785.7456494798,16.2,113
"CUUR0000SAM",2024,5,564.249,"Medical",3.07423915823318,7.01598749958424,16.2,113
"CUUR0000SEHA",2024,5,417.772,"Rent",5.30492077655611,0,16.2,113
"CUUR0000SAA",2024,6,131.525,"Apparel",0.777718182514761,4825.02221054091,16.2,114
"CUUR0000SAD",2024,6,123.098,"Durables",-4.1233098635429,67785.7456494798,16.2,114
"CUUR0000SAM",2024,6,565.301,"Medical",3.26414970261147,7.01598749958424,16.2,114
"CUUR0000SEHA",2024,6,418.82,"Rent",5.07459990516642,0,16.2,114
"CUUR0000SAA",2024,7,129.466,"Apparel",0.227603505403656,4825.02221054091,16.2,115
"CUUR0000SAD",2024,7,122.734,"Durables",-4.13578173695022,67785.7456494798,16.2,115
"CUUR0000SAM",2024,7,564.039,"Medical",3.17195233931714,7.01598749958424,16.2,115
"CUUR0000SEHA",2024,7,420.577,"Rent",5.08907823392719,0,16.2,115
"CUUR0000SAA",2024,8,131.683,"Apparel",0.32073258064024,4825.02221054091,16.2,116
"CUUR0000SAD",2024,8,122.201,"Durables",-4.1981561039857,67785.7456494798,16.2,116
"CUUR0000SAM",2024,8,564.407,"Medical",2.97856890027405,7.01598749958424,16.2,116
"CUUR0000SEHA",2024,8,422.223,"Rent",4.96610291686451,0,16.2,116
"CUUR0000SAA",2024,9,135.537,"Apparel",1.78736378861043,4825.02221054091,16.2,117
"CUUR0000SAD",2024,9,122.204,"Durables",-2.89632813927803,67785.7456494798,16.2,117
"CUUR0000SAM",2024,9,566.266,"Medical",3.25200435423963,7.01598749958424,16.2,117
"CUUR0000SEHA",2024,9,423.821,"Rent",4.77988167728506,0,16.2,117
"CUUR0000SAA",2024,10,133.179,"Apparel",0.295964936062537,4825.02221054091,16.2,118
"CUUR0000SAD",2024,10,122.18,"Durables",-2.45810680270479,67785.7456494798,16.2,118
"CUUR0000SAM",2024,10,567.87,"Medical",3.29378894867235,7.01598749958424,16.2,118
"CUUR0000SEHA",2024,10,425.381,"Rent",4.59768419137264,0,16.2,118
"CUUR0000SAA",2024,11,129.542,"Apparel",1.13120935570251,4825.02221054091,16.2,119
"CUUR0000SAD",2024,11,122.061,"Durables",-2.01412860239222,67785.7456494798,16.2,119
"CUUR0000SAM",2024,11,568.773,"Medical",3.08172441728332,7.01598749958424,16.2,119
"CUUR0000SEHA",2024,11,426.651,"Rent",4.35698247227508,0,16.2,119
"CUUR0000SAA",2024,12,127.354,"Apparel",1.24012274035328,4825.02221054091,16.2,120
"CUUR0000SAD",2024,12,121.747,"Durables",-1.86521146855177,67785.7456494798,16.2,120
"CUUR0000SAM",2024,12,569.189,"Medical",2.83729459696287,7.01598749958424,16.2,120
"CUUR0000SEHA",2024,12,428.151,"Rent",4.27295266021442,0,16.2,120
"CUUR0000SAA",2025,1,128.464,"Apparel",0.404858299595142,4825.02221054091,16.2,121
"CUUR0000SAD",2025,1,122.26,"Durables",-1.20563708061283,67785.7456494798,16.2,121
"CUUR0000SAM",2025,1,571.899,"Medical",2.63524851269258,7.01598749958424,16.2,121
"CUUR0000SEHA",2025,1,429.506,"Rent",4.24422174705535,0,16.2,121
